STT,Giá(ty),Diện Tích(m2),numberbedroom,numberbathroom,Số tầng,Nội thất (1/0),Mặt tiền,"Loại Hình(căn hộ ,nhà,villa)",sổ đỏ,KHoảng cách đến trung tâm (Km),sercurity(1 or 0),Hướng Nhà,Ba Đình,Cầu Giấy,Đống Đa,Hai Bà Trưng,Thanh Xuân,Hoàng Mai,Long Biên,Hà Đông,Tây Hồ,Nam Từ Liêm,Bắc Từ Liêm,Thanh Trì,Giải trí(1 or 0),Giao thông(1 or 0),Bệnh viện(1 or 0),Market(1 or 0),Giáo dục(1 or 0)
1,25,60,6,8,8,1,1,nhà ,1,5,1,,0,0,0,0,1,0,0,0,0,0,0,0,1,1,1,1,1
2,8.1,29,3,4,5,0,1,nhà ,1,1.6,1,,0,0,0,0,1,0,0,0,0,0,0,0,1,1,1,1,1
3,8.85,63.8,4,4,4,1,1,nhà ,1,,0,Nam,0,0,0,0,0,0,0,0,0,0,0,1,0,1,1,1,0
4,40,150,4,4,4,1,1,nhà ,1,2.8,1,,1,0,0,0,0,0,0,0,0,0,0,0,1,1,1,1,1
5,6.35,64.8,2,,1,1,1,căn hộ,0,3,1,Đông Nam,0,0,0,0,0,0,0,0,0,1,0,0,1,1,1,1,1
6,17.85,65,7,9,5,1,1,nhà ,1,3.2,1,,0,0,0,0,0,0,0,0,1,0,0,0,1,1,1,1,1
7,37,60,3,2,2,1,2,nhà ,1,,0,,0,0,0,0,0,1,0,0,0,0,0,0,0,1,0,1,1
8,6.2,75,2,2,1,1,0,căn hộ,1,11.3,1,Tây Bắc,0,0,0,0,0,0,0,0,0,0,0,1,1,1,1,1,1
9,20.7,55,6,6,7,1,1,nhà ,1,4.1,1,,0,0,0,0,0,0,0,0,1,0,0,0,1,1,1,1,1
10,31.2,70,6,4,5,1,1,nhà ,1,2.6,1,Tây Nam,0,1,0,0,0,0,0,0,0,0,0,0,1,1,1,1,1
11,14.5,45,5,5,5,1,1,nhà ,1,4.1,0,,0,0,0,0,0,0,1,0,0,0,0,0,1,1,1,1,1
12,18.675,118.2,4,3,1,1,0,căn hộ,0,3,1,Đông Nam,0,0,0,0,0,0,0,0,1,0,0,0,1,1,1,1,1
13,1.15,50,2,1,1,0,0,căn hộ,1,5.1,1,Nam,0,0,0,0,0,0,0,0,1,0,0,0,1,1,0,0,1
14,82,150,5,6,5,1,1,Villa,1,3.6,1,,1,0,0,0,0,0,0,0,0,0,0,0,1,1,1,0,0
15,12,33,3,2,4,1,1,nhà ,1,1.8,1,Đông Nam,0,0,1,0,0,0,0,0,0,0,0,0,1,1,1,1,1
16,7.9,27,3,3,4,1,1,nhà ,1,1.7,0,Đông ,0,0,0,1,0,0,0,0,0,0,0,0,0,1,1,1,1
17,6.7,30,3,3,5,1,1,nhà ,1,2.7,1,,0,0,0,0,1,0,0,0,0,0,0,0,1,1,1,1,1
18,5,74,3,2,1,1,0,căn hộ,1,8.2,1,,0,0,0,0,0,1,0,0,0,0,0,0,1,1,1,1,1
19,9.8,87,2,2,1,1,0,căn hộ,1,4.5,1,Tây Bắc,0,0,0,0,0,0,0,0,0,1,0,0,1,1,1,1,1
20,13.7,116,3,2,1,1,0,căn hộ,0,4.5,1,Đông Bắc,0,0,0,0,0,0,0,0,0,1,0,0,1,1,1,1,1
21,23.5,50,4,2,4,1,1,nhà ,1,1.9,1,,0,1,0,0,0,0,0,0,0,0,0,0,1,1,1,1,1
22,9.3,95,3,2,1,1,0,căn hộ ,1,1.8,1,Tây Bắc,0,1,0,0,0,0,0,0,0,0,0,0,1,1,1,1,1
23,4.6,90,3,3,1,1,0,căn hộ,1,4.1,1,,0,0,0,0,0,0,0,0,0,1,0,0,1,1,1,1,1
24,6.2,70,2,2,1,1,0,căn hộ,1,1.8,1,,0,1,0,0,0,0,0,0,0,0,0,0,1,1,1,1,1
25,14.5,210,5,3,1,1,0,căn hộ,1,3.7,1,,0,1,0,0,0,0,0,0,0,0,0,0,1,1,1,1,1
26,8,23,2,2,5,1,1,nhà ,1,1.8,1,Đông bắc,0,0,0,1,0,0,0,0,0,0,0,0,1,1,1,1,1
27,30.4,98,5,3,2,0,2,nhà ,1,3.6,1,,0,0,0,0,0,1,0,0,0,0,0,0,0,1,1,1,1
28,3.5,66,2,2,1,1,0,căn hộ,1,4.6,1,Bắc,0,0,0,0,0,1,0,0,0,0,0,0,1,1,1,1,1
29,10,60,6,5,,1,1,nhà ,1,2.6,1,Đông,0,1,0,0,0,0,0,0,0,0,0,0,1,1,1,1,1
30,7.6,40,4,3,4,1,1,nhà ,1,2.7,1,Tây,0,0,0,0,0,1,0,0,0,0,0,0,1,1,1,1,1
31,8.6,102,3,2,1,1,0,căn hộ,1,5.1,1,,0,0,0,0,0,0,0,0,0,0,1,0,1,1,1,1,1
32,8.9,42,4,4,4,1,1,nhà ,1,1.8,0,,0,0,0,0,0,0,0,1,0,0,0,0,1,1,1,1,1
33,6.4,20,3,3,5,1,1,nhà ,1,4.1,1,,0,0,0,0,0,0,0,1,0,0,0,0,1,1,1,1,1
34,15.8,223,4,3,1,1,0,căn hộ,1,2.6,1,,0,0,0,0,1,0,0,0,0,0,0,0,1,1,1,1,1
35,7.5,33,4,3,4,1,1,nhà ,1,2.6,1,,0,0,0,0,0,0,0,0,1,0,0,0,1,1,1,1,1
36,7,92,3,2,1,1,0,căn hộ,1,3.5,1,Bắc,0,0,0,0,0,0,0,0,0,0,1,0,1,1,1,1,1
37,9.8,30,3,4,5,0,1,nhà ,1,3.1,1,,1,0,0,0,0,0,0,0,0,0,0,0,1,1,1,1,1
38,23.8,140,2,2,3,1,1,nhà ,1,5.1,0,,0,0,0,0,0,1,0,0,0,0,0,0,1,1,1,1,1
39,9.5,47,4,2,5,1,1,nhà ,1,1.3,0,,0,0,0,0,0,0,1,0,0,0,0,0,1,1,1,1,1
40,7.2,83,3,2,1,1,0,căn hộ,1,8.5,1,Tây Bắc,0,0,0,0,0,0,0,0,0,0,1,0,1,1,1,1,1
41,7,25,3,4,5,1,1,nhà ,1,3.7,0,,0,0,0,0,1,0,0,0,0,0,0,0,1,1,1,1,1
42,15.5,45,8,6,4,1,1,căn hộ,1,4,1,,0,0,1,0,0,0,0,0,0,0,0,0,1,1,1,1,1
43,8.2,39,5,4,3,1,1,nhà ,1,2.9,0,Nam,0,0,0,1,0,0,0,0,0,0,0,0,1,1,1,1,1
44,7.5,45,4,4,5,1,1,nhà ,1,12,0,Tây nam,0,0,0,0,0,0,0,1,0,0,0,0,0,1,1,1,0
45,14.6,45,4,4,6,1,1,nhà ,1,6,1,,0,0,0,0,1,0,0,0,0,0,0,0,0,1,0,1,1
46,7.2,33,4,4,5,0,1,nhà ,1,10,0,,0,0,0,0,0,0,0,1,0,0,0,0,1,1,1,1,1
47,65,100,7,6,5,0,1,nhà ,1,2.1,1,Tây Bắc,1,0,0,0,0,0,0,0,0,0,0,0,1,1,1,1,1
48,5,45,4,3,5,0,1,nhà ,1,12,0,,0,0,0,0,0,0,0,1,0,0,0,0,0,1,1,1,1
49,6.4,33,4,3,4,0,1,nhà ,1,1.1,0,Nam,0,0,0,0,0,0,0,1,0,0,0,0,1,1,1,1,1
50,6.9,30.5,4,3,4,0,1,nhà ,1,1.4,1,,0,0,0,0,0,0,0,0,0,1,0,0,1,1,0,1,1
51,4.95,33,4,3,1,1,0,căn hộ,1,5.1,1,,0,0,0,0,0,0,0,1,0,0,0,0,0,1,0,1,1
52,7.95,35,3,4,5,0,1,nhà ,1,7,0,,0,0,0,0,0,1,0,0,0,0,0,0,0,1,1,1,1
53,9.2,45,4,4,4,1,1,nhà ,1,3.6,1,,0,0,0,1,0,0,0,0,0,0,0,0,1,1,1,1,1
54,28,51,3,4,7,1,1,nhà ,1,3,1,,0,0,0,1,0,0,0,0,0,0,0,0,1,1,1,1,1
55,9.5,102,3,2,1,1,0,căn hộ,1,0.55,1,,0,0,0,0,1,0,0,0,0,0,0,0,1,1,1,1,1
56,27.6,50,4,3,4,1,1,nhà ,1,1.8,1,Đông Nam,0,0,0,1,0,0,0,0,0,0,0,0,1,1,1,1,1
57,60,86,9,9,9,0,1,nhà ,1,2,1,,0,0,0,0,0,1,0,0,0,0,0,0,1,1,1,1,1
58,6.5,121,3,2,1,1,0,căn hộ,1,8.1,1,,0,0,0,0,0,0,0,0,0,1,0,0,1,1,1,1,1
59,7.35,35,4,4,4,1,1,nhà ,1,2.6,1,,0,1,0,0,0,0,0,0,0,0,0,0,1,1,1,1,1
60,11,40,5,4,5,1,1,nhà ,1,2.3,1,Đông Bắc,0,1,0,0,0,0,0,0,0,0,0,0,1,1,1,1,1
61,7.55,30,3,4,5,1,1,nhà ,1,0.25,1,,0,1,0,0,0,0,0,0,0,0,0,0,1,1,1,1,1
62,12.5,102,3,2,1,1,0,căn hộ,1,5.1,1,,0,0,0,0,0,0,0,0,0,1,0,0,1,1,1,1,1
63,9.9,128,3,2,1,1,0,căn hộ,1,1.4,1,Tây Bắc,0,0,0,0,0,0,0,0,0,1,0,0,1,1,1,1,1
64,7,104,3,2,1,1,0,căn hộ,1,3.5,1,Đông Nam,0,0,0,0,0,0,0,1,0,0,0,0,1,1,1,1,1
65,7.3,36,3,4,4,1,1,nhà ,1,1.6,1,,0,0,0,0,0,0,0,0,0,0,1,0,1,1,1,1,1
66,7,79,2,2,1,1,0,căn hộ,1,5.4,1,Tây Nam,0,0,0,0,0,0,0,0,0,1,0,0,1,1,1,1,1
67,6,75,2,2,1,1,0,căn hộ,1,8.2,1,Đông Nam,0,0,0,0,0,0,0,0,0,1,0,0,1,1,1,1,1
68,46,240,4,5,4,0,1,villa,0,5.2,1,Đông Bắc,0,0,0,0,0,0,0,1,0,0,0,0,1,1,1,1,1
69,12.2,127,3,2,1,1,0,căn hộ,1,2.9,1,,0,1,0,0,0,0,0,0,0,0,0,0,1,1,1,1,1
70,12.8,48,4,3,4,0,1,nhà ,1,62,1,,0,0,0,0,0,1,0,0,0,0,0,0,1,1,1,1,1
71,19,88,6,4,4,0,1,nhà ,1,1.7,0,,0,0,0,1,0,0,0,0,0,0,0,0,1,1,1,1,1
72,6,30,3,4,5,0,1,nhà ,1,3.9,1,,0,0,0,0,0,1,0,0,0,0,0,0,1,0,1,1,1
73,11.5,45,4,3,4,1,1,nhà ,1,3.1,1,Đông Nam,0,0,0,0,0,0,1,0,0,0,0,0,1,1,1,1,1
74,10.8,38,4,3,4,1,1,nhà ,1,8.9,1,,0,0,0,0,0,0,0,0,0,1,0,0,1,1,1,1,1
75,6.5,45,2,1,1,0,0,căn hộ,1,2,1,Tây Bắc,0,1,0,0,0,0,0,0,0,0,0,0,1,1,1,1,1
76,5.15,30,3,3,5,1,1,nhà ,1,0.75,1,,0,0,0,0,0,0,0,0,0,1,0,0,1,0,1,1,1
77,6,40,3,4,5,0,1,nhà ,1,6.5,0,,0,0,0,0,0,0,0,0,0,0,0,1,0,1,1,1,1
78,34,184.8,4,4,3,1,1,villa,1,4,1,Đông,0,0,0,0,0,0,0,1,0,0,0,0,1,1,1,1,1
79,6.9,36,4,5,5,1,1,nhà ,1,5,0,,0,0,0,0,0,1,0,0,0,0,0,0,1,1,1,1,1
80,5.35,64,2,2,1,1,0,căn hộ,1,2.8,1,,0,0,0,0,0,0,0,0,0,1,0,0,1,1,1,1,1
81,14,118,3,3,1,1,0,căn hộ,1,1.1,1,,0,0,0,0,1,0,0,0,0,0,0,0,1,1,1,1,1
82,5.5,30,4,4,5,1,1,nhà ,1,6.2,1,,0,0,0,0,0,0,1,0,0,0,0,0,1,1,1,1,1
83,13.5,46,3,3,4,0,1,nhà ,1,2,0,,0,0,0,0,0,0,1,0,0,0,0,0,1,1,1,1,1
84,7.1,36,2,2,3,1,1,nhà ,0,0.7,1,Đông Bắc,0,1,0,0,0,0,0,0,0,0,0,0,1,1,1,1,1
85,16,90,1,1,1,0,1,nhà ,1,6.1,1,Đông Nam,0,0,0,0,0,0,1,0,0,0,0,0,0,1,1,1,1
86,16,62,4,4,4,1,1,nhà ,1,1.6,1,,0,0,0,0,1,0,0,0,0,0,0,0,1,1,1,1,1
87,9,83,2,2,1,1,0,căn hộ,1,4.2,1,Bắc,0,0,0,1,0,0,0,0,0,0,0,0,1,1,1,1,1
88,6.5,33,3,3,3,0,1,nhà ,1,7.1,1,,0,0,0,0,0,0,0,0,0,1,0,0,1,1,1,1,1
89,7.1,30,3,3,5,1,1,nhà ,1,3,1,,1,0,0,0,0,0,0,0,0,0,0,0,1,1,1,1,1
90,6.6,36,3,3,4,1,1,nhà ,1,4.1,1,,0,0,0,0,0,0,0,1,0,0,0,0,1,1,1,1,1
91,4.65,47,1,1,1,1,0,căn hộ,0,2.9,1,Đông Nam,0,0,0,0,0,0,0,0,0,1,0,0,1,1,1,1,1
92,12.6,108,3,2,1,1,0,căn hộ,1,4.6,1,Đông Nam,0,0,0,0,0,0,0,0,0,0,1,0,1,1,1,1,1
93,7.15,32,3,3,5,0,1,nhà ,1,10.7,0,,0,0,0,0,0,0,0,0,0,0,0,1,1,1,1,1,1
94,4.05,40,3,3,3,0,1,nhà ,1,15,0,,0,0,0,0,0,0,0,0,0,0,0,1,1,1,1,1,1
95,2.5,48,2,1,1,1,0,căn hộ,0,8,1,,0,0,0,0,0,1,0,0,0,0,0,0,1,1,1,1,1
96,5.75,67.7,2,2,1,1,0,căn hộ,1,4.8,1,Nam,0,0,0,0,0,0,0,1,0,0,0,0,1,1,1,1,1
97,9.2,45,4,4,4,1,1,nhà ,1,3.8,1,,0,0,0,1,0,0,0,0,0,0,0,0,1,1,1,1,1
98,14.8,65,4,3,3,0,1,nhà ,1,4.3,1,,0,0,0,1,0,0,0,0,0,0,0,0,1,1,1,1,1
99,7.15,30,3,3,4,1,1,nhà ,1,4.2,1,,0,0,0,1,0,0,0,0,0,0,0,0,1,1,1,1,1
100,11.68,42,5,3,4,0,1,nhà ,1,1.6,1,Tây,0,0,0,0,1,0,0,0,0,0,0,0,1,1,1,1,1
101,7.98,35,3,4,4,1,1,nhà ,1,3.4,1,,0,0,0,0,1,0,0,0,0,0,0,0,1,1,1,1,1
102,18.5,60,4,4,5,1,1,nhà ,1,3,0,,0,0,0,0,0,1,0,0,0,0,0,0,1,1,1,1,1
103,7.2,26,2,2,4,1,1,nhà ,1,"3,9",0,,0,0,0,0,1,0,0,0,0,0,0,0,1,1,1,1,1
104,6.05,24,3,4,4,0,1,nhà ,1,1.5,0,,0,0,1,0,0,0,0,0,0,0,0,0,1,1,1,1,1
105,10.5,45,6,4,5,1,1,nhà ,1,4,0,,0,0,0,1,0,0,0,0,0,0,0,0,1,1,1,1,1
106,6.72,84,3,2,1,0,0,căn hộ,1,4.8,1,Đông Bắc,0,0,0,0,0,0,1,0,0,0,0,0,1,1,1,1,1
107,5.6,70,2,2,1,1,0,căn hộ,1,3.6,1,Đông Nam,0,0,0,0,0,0,0,1,0,0,0,0,1,1,1,1,1
108,35.9,210,5,5,4,0,1,nhà ,1,0.75,1,,0,0,0,0,0,0,0,0,0,1,0,0,1,1,1,1,1
109,26,53,6,3,5,1,1,nhà ,1,4.3,1,Đông Băc,0,0,0,0,0,1,0,0,0,0,0,0,1,1,1,1,1
110,4.5,42,1,1,1,1,0,căn hộ,1,5.9,1,Tây,0,0,0,0,0,0,0,0,0,1,0,0,1,1,1,1,1
111,85,109,7,7,9,1,1,nhà ,1,3.7,1,,0,0,0,0,0,1,0,0,0,0,0,0,1,1,1,1,1
112,6.15,30,3,4,5,1,1,nhà ,1,3.6,1,,0,0,0,0,0,1,0,0,0,0,0,0,1,1,0,1,1
113,6.2,23,3,4,4,1,1,nhà ,1,4.9,1,,0,0,0,1,0,0,0,0,0,0,0,0,1,1,1,1,1
114,25,60,6,9,7,1,1,nhà ,1,3.3,1,,0,0,0,0,1,0,0,0,0,0,0,0,1,1,1,1,1
115,11.6,46,4,4,6,1,1,nhà ,1,6.4,1,,0,0,0,0,0,0,1,0,0,0,0,0,1,1,1,1,1
116,3.7,31,4,4,,0,1,nhà ,1,7.5,1,,0,0,0,0,0,0,1,0,0,0,0,0,1,1,1,1,1
117,4.15,35,4,4,5,0,1,nhà ,1,7.8,1,,0,0,0,0,0,0,0,1,0,0,0,0,0,1,1,1,1
118,7.8,146,3,3,1,1,0,căn hộ,1,3.1,1,Đông Bắc,0,0,0,0,0,0,0,1,0,0,0,0,1,1,1,1,1
119,13.5,128,2,2,1,1,0,căn hộ,1,5.8,1,Tây Bắc,0,0,0,0,0,0,0,0,0,1,0,0,1,1,1,1,1
120,6.3,20,4,4,5,1,1,nhà ,1,3.7,1,,0,0,0,0,0,1,0,0,0,0,0,0,1,1,1,1,1
121,29.4,86,2,2,2,1,1,nhà ,1,3.7,1,,0,0,0,0,0,1,0,0,0,0,0,0,1,1,1,1,1
122,25,60,6,12,5,1,1,nhà ,1,3.6,0,,0,0,0,0,0,1,0,0,0,0,0,0,1,1,1,1,1
123,7.8,82,2,2,1,1,0,căn hộ,1,5.7,1,,0,0,0,0,0,0,0,0,0,1,0,0,1,1,1,1,1
124,3.55,45,1,1,1,1,0,căn hộ,1,3.6,1,,0,0,0,0,0,0,0,1,0,0,0,0,1,1,1,1,1
125,22,50,5,4,4,0,1,villa,1,2.7,1,Đông Nam,1,0,0,0,0,0,0,0,0,0,0,0,1,1,1,1,1
126,7,36,4,5,4,1,1,nhà ,1,3.7,0,,0,0,0,0,0,1,0,0,0,0,0,0,1,1,1,1,1
127,8.5,33,3,5,5,1,1,nhà ,1,5.3,1,,0,0,0,1,0,0,0,0,0,0,0,0,1,1,1,1,1
128,11.2,40,9,9,6,1,1,nhà ,1,7.2,1,,0,0,0,0,0,0,0,0,0,1,0,0,1,1,1,1,1
129,11.7,39,3,3,3,1,1,nhà ,1,3.7,0,,0,0,0,0,0,1,0,0,0,0,0,0,1,1,1,1,1
130,3.95,67,3,2,1,1,0,căn hộ,1,5.7,1,,0,0,0,0,0,1,0,0,0,0,0,0,1,1,1,1,1
131,9.7,32,3,4,5,0,1,nhà ,1,4.6,1,Đông Nam,0,0,0,1,0,0,0,0,0,0,0,0,1,1,1,1,1
132,4.2,64,2,2,1,1,0,căn hộ,1,5.8,1,Đông Nam,0,0,0,0,0,0,1,0,0,0,0,0,1,1,1,1,1
133,4.1,45,2,2,1,1,0,căn hộ,1,7,0,,0,0,0,0,0,1,0,0,0,0,0,0,1,1,1,1,1
134,4.5,56,2,2,1,1,0,căn hộ,1,2.3,1,Đông Nam,0,0,0,0,0,1,0,0,0,0,0,0,1,1,1,1,1
135,7.5,38,4,2,4,1,1,nhà ,1,5.7,1,,0,0,0,1,0,0,0,0,0,0,0,0,1,1,1,1,1
136,7.65,19,3,3,5,0,1,nhà ,1,2.9,1,,0,0,0,0,1,0,0,0,0,0,0,0,1,1,1,1,1
137,10.9,44,4,4,5,1,1,nhà ,1,1.2,1,,1,0,0,0,0,0,0,0,0,0,0,0,1,1,1,1,1
138,4.25,65,2,2,1,1,0,căn hộ,1,4.4,1,,0,0,0,0,0,0,0,0,0,0,1,0,1,1,1,1,1
139,13.5,45,3,5,5,1,1,nhà ,1,2.9,0,,0,0,0,0,0,1,0,0,0,0,0,0,0,1,0,1,1
140,15.8,223,5,3,1,1,0,căn hộ,1,2.6,1,Nam,0,0,0,0,1,0,0,0,0,0,0,0,1,1,1,1,1
141,25,80,10,11,6,1,1,nhà ,1,2.6,1,,1,0,0,0,0,0,0,0,0,0,0,0,1,1,1,1,1
142,9.8,55,9,9,4,1,1,nhà ,1,10.2,1,,0,0,0,0,0,0,0,0,0,1,0,0,1,1,0,1,1
143,38,116,5,5,4,0,1,villa,0,2.1,1,Đông Nam,0,0,0,0,0,0,0,0,0,0,1,0,1,1,1,1,1
144,12.5,62,3,4,3,1,1,nhà ,1,3,1,Nam,0,0,0,0,0,0,0,0,0,0,1,0,0,1,0,1,1
145,7.3,80,3,3,1,1,0,căn hộ,1,1.1,1,Nam,0,0,0,0,1,0,0,0,0,0,0,0,1,1,1,1,1
146,10,166,2,1,1,1,1,nhà ,0,1.2,0,,0,0,0,0,0,1,0,0,0,0,0,0,0,1,0,1,1
147,13.9,75,4,3,3,1,1,nhà ,1,2.8,1,,0,0,0,1,0,0,0,0,0,0,0,0,1,1,1,1,1
148,6.9,30,5,5,6,1,1,nhà ,1,3.8,1,,0,0,0,0,0,0,0,0,1,0,0,0,1,1,0,1,1
149,3.5,35,4,3,4,0,1,nhà ,1,7.8,0,,0,0,0,0,0,0,0,1,0,0,0,0,1,1,1,1,1
150,5.9,63,4,3,4,0,1,nhà ,1,1.8,0,Tây Bắc,0,0,0,0,0,0,0,0,0,0,0,1,0,1,0,1,1
151,7.5,35,3,4,5,1,1,nhà ,1,1.6,1,,0,0,0,0,0,0,0,0,0,0,1,0,1,1,1,1,1
152,9.5,42,3,4,4,1,1,nhà ,1,1.9,1,Tây Nam,0,0,0,1,0,0,0,0,0,0,0,0,1,1,1,1,1
153,10.8,45,4,4,4,1,1,nhà ,1,3.6,1,,0,0,0,0,0,0,0,0,0,0,1,0,1,1,1,1,1
154,10,55,4,4,5,1,1,nhà ,1,7,1,Tây,0,0,0,0,0,0,0,0,0,1,0,0,1,1,1,1,1
155,9.9,40,3,4,5,1,1,nhà ,1,1.3,1,,0,0,1,0,0,0,0,0,0,0,0,0,1,1,1,1,1
156,6.9,40,3,3,5,1,1,nhà ,1,3.4,1,Đông Nam,0,0,0,0,0,0,0,1,0,0,0,0,1,1,1,1,1
157,21,28,3,4,5,1,1,nhà ,1,2.2,1,,0,0,1,0,0,0,0,0,0,0,0,0,1,1,1,1,1
158,8.9,33,3,4,6,1,1,nhà ,1,3.8,1,,0,0,0,0,0,0,0,0,1,0,0,0,1,1,1,1,1
159,14,126,3,2,1,1,1,căn hộ,1,6.2,1,Tây Bắc,0,0,0,0,0,0,0,0,0,1,0,0,1,1,1,1,1
160,8.9,36,3,5,5,0,1,nhà ,1,1.8,0,Đông Bắc,0,0,0,1,0,0,0,0,0,0,0,0,1,1,1,1,1
161,9.2,41,5,3,4,1,1,nhà ,1,1.5,1,,0,0,1,0,0,0,0,0,0,0,0,0,1,1,1,1,1
162,4.2,30,3,2,4,1,1,nhà ,1,6.3,0,Đông Nam,0,0,0,0,0,0,1,0,0,0,0,0,1,1,0,1,1
163,11.5,33,3,5,6,0,1,nhà ,1,1.2,1,,0,0,0,0,0,0,0,0,1,0,0,0,1,1,0,1,1
164,10,126.1,3,2,1,1,0,căn hộ,1,3.1,1,Bắc,0,0,0,0,1,0,0,0,0,0,0,0,1,1,1,1,1
165,6.42,90,3,2,1,1,0,căn hộ,1,1,1,Đông Bắc,0,0,0,0,0,1,0,0,0,0,0,0,1,1,1,1,1
166,8.5,47,4,4,7,1,1,nhà ,1,2.7,1,,1,0,0,0,0,0,0,0,0,0,0,0,1,1,1,1,1
167,7,95,3,2,1,1,0,căn hộ,1,5.5,1,Bắc,0,0,0,0,0,0,0,0,0,0,1,0,1,1,1,1,1
168,4.45,95,4,1,1,0,0,căn hộ,0,2.1,1,,0,0,1,0,0,0,0,0,0,0,0,0,1,1,1,1,1
169,6.65,35,4,3,4,1,1,nhà ,1,3.7,0,,0,0,0,0,0,1,0,0,0,0,0,0,1,1,1,1,1
170,3.85,43.2,1,1,1,1,0,căn hộ,1,3.1,1,Đông Bắc,0,0,0,0,0,0,0,0,0,1,0,0,1,1,1,1,1
171,6.6,32,4,4,5,0,1,nhà ,1,2.9,1,,0,0,0,0,1,0,0,0,0,0,0,0,1,1,1,1,1
172,10,54,6,5,5,1,1,nhà ,1,3.1,1,Đông,0,1,0,0,0,0,0,0,0,0,0,0,1,1,1,1,1
173,6.8,80,2,2,1,1,0,căn hộ,1,5.6,1,,0,0,0,0,0,0,0,0,0,1,0,0,1,1,1,1,1
174,13.25,126.5,3,2,1,0,0,căn hộ,1,9.3,1,Nam,0,0,0,0,0,0,0,0,0,1,0,0,1,1,1,1,1
175,7.2,32,3,4,5,0,1,nhà ,1,1.3,1,,0,1,0,0,0,0,0,0,0,0,0,0,1,1,1,1,1
176,47,50,4,4,4,0,1,nhà ,1,3.7,1,,1,0,0,0,0,0,0,0,0,0,0,0,1,1,1,1,1
177,25,80,4,4,5,1,1,nhà ,1,2.9,1,,0,0,1,0,0,0,0,0,0,0,0,0,1,1,1,1,1
178,11,160,4,3,1,1,0,căn hộ,1,4.6,1,Đông Nam,0,0,0,0,0,1,0,0,0,0,0,0,1,1,1,1,1
179,4,45,1,1,1,1,0,căn hộ,0,2.4,1,,0,0,0,0,0,0,0,0,1,0,0,0,1,1,1,1,1
180,7.5,63,2,2,1,1,0,căn hộ,1,3,1,,0,1,0,0,0,0,0,0,0,0,0,0,1,1,1,1,1
181,4.45,75,3,2,1,0,0,căn hộ,1,4.7,1,,0,0,0,1,0,0,0,0,0,0,0,0,1,1,1,1,1
182,5.95,65,1,1,1,0,0,căn hộ,1,4,1,,0,0,0,0,0,0,0,0,0,1,0,0,1,1,1,1,1
183,11.86,60,4,4,5,1,1,nhà ,1,1.2,0,,0,0,0,0,0,1,0,0,0,0,0,0,1,1,1,1,1
184,5.6,33,2,3,3,1,1,nhà ,1,8,1,Đông Nam,0,0,0,0,0,0,1,0,0,0,0,0,1,1,1,1,1
185,8.65,42,3,5,6,1,1,nhà ,1,2,1,,0,0,0,0,0,0,1,0,0,0,0,0,1,1,1,1,1
186,6.9,40,3,2,5,1,1,nhà ,1,3.4,1,Đông Nam,0,0,0,0,0,0,0,1,0,0,0,0,1,1,1,1,1
187,8,35,3,4,5,1,1,nhà ,1,5,0,,0,0,0,0,1,0,0,0,0,0,0,0,1,1,1,1,1
188,7.7,48.5,3,3,4,1,1,nhà ,1,4.2,1,,0,0,0,1,0,0,0,0,0,0,0,0,1,1,1,1,1
189,14.5,42,4,5,7,1,1,nhà ,1,3.1,1,Đông Nam,0,0,0,0,0,0,1,0,0,0,0,0,1,1,1,1,1
190,15.7,60,4,4,4,0,1,nhà ,1,3.7,1,,0,0,0,0,1,0,0,0,0,0,0,0,1,1,1,1,1
191,11.5,35,3,3,5,0,1,nhà ,1,4.2,1,,0,0,0,0,0,0,0,1,0,0,0,0,1,1,1,1,1
192,12.5,61,7,4,5,1,1,nhà ,1,5.3,0,Tây Bắc,0,0,0,0,0,0,1,0,0,0,0,0,1,1,1,1,1
193,5.65,21,3,3,4,1,1,nhà ,1,1.9,1,,0,0,1,0,0,0,0,0,0,0,0,0,1,1,1,1,1
194,25,190,2,1,1,1,1,nhà ,0,1.2,0,,0,0,0,0,0,1,0,0,0,0,0,0,1,1,1,1,1
195,10.2,33,3,3,5,1,1,nhà ,1,2.3,0,Tây Bắc,0,0,0,0,0,0,1,0,0,0,0,0,1,1,1,1,1
196,36.6,130,4,4,4,1,1,villa,1,7.2,1,Tây Nam,0,0,0,0,0,0,0,0,0,1,0,0,1,1,1,1,1
197,7.2,19,3,3,5,1,1,nhà ,1,1.5,1,,0,0,1,0,0,0,0,0,0,0,0,0,1,1,1,1,1
198,18,60,4,4,4,1,1,villa,1,4.2,1,,0,0,0,0,0,0,0,1,0,0,0,0,1,1,1,1,1
199,3.3,67,2,2,1,1,0,căn hộ,0,4.8,1,Đông Nam,0,0,0,0,0,1,0,0,0,0,0,0,1,1,1,1,1
200,8.25,32,4,5,5,1,1,nhà ,1,7.9,1,,0,1,0,0,0,0,0,0,0,0,0,0,1,1,1,1,1
201,16.5,80,5,4,1,1,1,nha,1,6.8,0,đông bắc,0,0,0,0,0,0,0,0,1,0,0,0,1,1,1,1,1
202,2.3,30,3,2,1,1,0,căn hộ,1,12,1,Đông Nam,0,0,0,0,0,0,0,0,0,1,0,0,1,1,1,1,1
203,28.8,136,15,16,6,0,1,nhà ,1,6,1,Đông Bắc,0,0,0,0,0,0,0,0,1,0,0,0,1,1,1,1,1
204,15.5,50,4,,4,1,1,nhà ,1,10,1,,0,0,0,0,0,0,0,1,0,0,0,0,1,1,1,1,1
205,16.5,135,2,2,2,0,1,nhà ,1,12,1,Tây Bắc,0,0,0,0,0,0,0,0,0,1,0,0,1,1,1,1,1
206,11.5,40,4,5,5,0,1,nhà ,1,10,0,,0,0,0,0,0,0,0,1,0,0,0,0,1,1,1,1,1
207,105,210,6,5,4,1,1,villa,1,8,1,Nam,0,0,0,0,0,0,0,0,0,1,0,0,1,1,1,1,1
208,4.3,64,2,1,1,1,0,căn hộ,1,15,1,,0,0,0,0,0,0,0,0,0,0,0,1,1,1,1,1,1
209,2.3,50,2,1,1,1,0,căn hộ,0,6,1,,0,0,0,0,0,0,0,0,1,0,0,0,1,1,1,1,1
210,20,41,4,3,4,0,1,nhà ,1,7,1,Tây Bắc,0,0,0,0,1,0,0,0,0,0,0,0,1,1,1,1,1
211,26,50,3,4,5,0,1,nhà ,1,8,1,Tây Nam,0,0,0,0,0,0,0,0,0,1,0,0,1,1,1,1,1
212,12.8,43,6,4,5,1,1,nhà ,1,4,1,Đông Bắc,0,0,0,1,0,0,0,0,0,0,0,0,1,1,1,1,1
213,17,50,5,5,5,1,1,nhà ,1,3,1,Đông Nam,1,0,0,0,0,0,0,0,0,0,0,0,1,1,1,1,1
214,7,120,3,2,1,1,0,căn hộ,1,6,1,Đông Nam,0,0,0,0,1,0,0,0,0,0,0,0,1,1,1,1,1
215,6.5,52,2,1,1,1,0,căn hộ,1,6,1,Tây Bắc,0,1,0,0,0,0,0,0,0,0,0,0,1,1,1,1,1
216,8,102,3,2,1,1,0,căn hộ,1,9,1,Đông bắc,0,0,0,0,0,0,0,0,0,0,1,0,1,1,1,1,1
217,3.88,45.8,1,1,1,1,0,căn hộ,0,12,1,Tây Bắc,0,0,0,0,0,0,0,0,0,1,0,0,1,1,1,1,1
218,22,47,4,5,7,0,1,nhà ,1,3,1,Nam,0,0,1,0,0,0,0,0,0,0,0,0,1,1,1,1,1
219,11,43,3,3,3,1,1,nhà ,1,5,1,Đông Nam,1,0,0,0,0,0,0,0,0,0,0,0,1,1,1,1,1
220,10,152.5,3,2,1,1,0,căn hộ,1,7,1,Đông Nam,0,0,0,0,0,0,0,0,0,0,1,0,1,1,1,1,1
221,12.8,50,3,4,6,1,1,nhà ,1,8,1,Đông Nam,0,0,0,0,0,0,1,0,0,0,0,0,1,1,1,1,1
222,12.6,160,4,2,1,1,0,căn hộ,1,9,1,Tây Bắc,0,0,0,0,0,0,0,0,0,0,1,0,1,1,1,1,1
223,13.2,63,12,12,6,1,1,nhà ,1,11,1,Đông nam,0,0,0,0,0,0,0,1,0,0,0,0,1,1,1,1,1
224,7.8,40,4,4,3,0,1,nhà ,1,11,1,Tây Bắc,0,0,0,0,0,0,0,1,0,0,0,0,1,1,1,1,1
225,7.73,80,2,2,1,1,0,căn hộ,0,8,1,Bắc,0,0,0,0,0,0,0,0,0,0,1,0,1,1,1,1,1
226,29.8,65,8,6,7,1,1,nhà ,1,7,1,Nam,0,1,0,0,0,0,0,0,0,0,0,0,1,1,1,1,1
227,15.5,50,6,4,5,1,1,nhà ,1,8,1,Đông,0,0,0,0,0,0,0,0,0,1,0,0,1,1,1,1,1
228,14.5,60,4,3,4,1,1,nhà ,1,8,1,Đông Nam,0,0,0,0,0,0,0,0,0,0,1,0,1,1,1,1,1
229,11,50,5,4,5,1,1,villa,1,11.2,1,Đông Nam,0,0,0,0,0,0,0,1,0,0,0,0,1,1,1,1,1
230,8.3,20,2,2,4,0,1,nhà ,1,2.8,0,Đông,0,0,0,1,0,0,0,0,0,0,0,0,1,1,1,1,1
231,19.35,98,4,5,5,1,1,nhà ,1,7,1,Nam,0,0,0,0,0,0,0,0,1,0,0,0,1,1,0,0,0
232,2.85,65,2,1,1,1,0,căn hộ,0,8,1,Tây Bắc,0,0,0,0,0,0,1,0,0,0,0,0,1,1,1,1,1
233,51,103,,,7,1,1,nhà ,1,6,0,Tây Nam,0,0,0,0,1,0,0,0,0,0,0,0,1,1,1,1,1
234,7.65,50,6,4,5,1,1,nhà ,1,12,0,Đông Nam,0,0,0,0,0,0,0,1,0,0,0,0,1,1,1,1,1
235,4.7,41.8,1,1,1,1,0,căn hộ,0,10,1,Đông Bắc,0,0,0,0,0,0,0,0,0,1,0,0,1,1,1,1,1
236,14.5,117.2,3,2,1,1,0,căn hộ,1,9,1,Tây Nam,0,0,0,0,0,0,0,0,0,1,0,0,1,1,1,1,1
237,12.4,44,3,3,5,1,1,nhà ,1,3,0,Tây Bắc,0,0,1,0,0,0,0,0,0,0,0,0,1,1,1,1,1
238,7.4,74,2,2,1,1,0,căn hộ,0,10,1,Tây,0,0,0,0,0,0,0,0,0,0,1,0,1,1,1,1,1
239,10.8,52,4,3,5,1,1,nhà ,1,4,1,Đông,0,0,1,0,0,0,0,0,0,0,0,0,1,1,1,1,1
240,20,60,6,5,7,1,1,nhà ,1,12,1,Đông Nam,0,0,0,0,0,0,0,1,0,0,0,0,1,1,1,1,1
241,6.5,18,3,4,5,2,1,nhà ,1,11,1,Đông Nam,0,0,0,0,0,0,0,1,0,0,0,0,1,1,1,1,1
242,9,82,3,2,1,1,0,căn hộ,0,6,1,Tây Bắc,0,0,0,0,1,0,0,0,0,0,0,0,1,1,1,1,1
243,7.64,76,2,2,1,1,0,căn hộ,0,6,1,Đông Bắc,0,0,0,0,1,0,0,0,0,0,0,0,1,1,1,1,1
244,8,83,3,2,1,1,0,căn hộ,1,10,1,Bắc,0,0,0,0,0,0,0,0,0,1,0,0,1,1,1,1,1
245,36,96,5,6,5,1,1,villa,1,15,1,Đông Nam,0,0,0,0,0,0,0,0,0,1,0,0,1,1,1,1,1
246,11,102,3,2,1,1,0,căn hộ,0,8,1,Đông Bắc,0,0,0,0,1,0,0,0,0,0,0,0,1,1,1,1,1
247,8.28,69,2,2,1,1,0,căn hộ,1,8,1,Đông Bắc,0,0,0,0,1,0,0,0,0,0,0,0,1,1,1,1,0
248,4.5,62,2,2,1,1,0,căn hộ,1,10,1,Đông nam,0,0,0,0,0,0,0,1,0,0,0,0,1,1,1,1,1
249,5.75,30,3,3,5,0,1,nhà ,1,12,1,Tây Nam,0,0,0,0,0,0,1,0,0,0,0,0,1,1,1,1,0
250,5.7,75,2,2,1,1,0,căn hộ,1,10,1,Đông,0,0,0,0,0,1,0,0,0,0,0,0,0,0,0,0,1
251,5.65,31,3,4,5,1,1,nhà ,1,,0,,0,0,0,0,0,0,0,1,0,0,0,0,1,1,1,1,1
252,17.4,50,4,5,8,1,2,nhà ,1,,1,,0,0,0,0,0,0,1,,,,,,1,1,1,1,1
253,1.75,25,0,1,1,1,1,căn hộ,1,10,1,N/A,0,0,0,0,0,0,0,0,0,1,0,0,1,1,0,1,1
254,02.05,28,0,1,1,1,1,căn hộ,1,,,,,,,,,,,,,,,,,,,,
255,1.75,25,0,1,1,1,1,căn hộ,1,10,1,N/A,0,0,0,0,0,0,0,0,0,1,0,0,1,1,0,1,1
256,02.05,28,0,1,1,1,1,căn hộ,1,10,1,N/A,0,0,0,0,0,0,0,0,0,1,0,0,1,1,0,1,1
257,2.9,43,1,1,1,1,1,căn hộ,1,10,1,Đông Nam,0,0,0,0,0,0,0,0,0,1,0,0,1,1,0,1,1
258,3.6,55,2,2,1,1,1,căn hộ,1,10,1,N/A,0,0,0,0,0,0,0,0,0,1,0,0,1,1,0,1,1
259,7.5,131.52,3,2,4,0,1,nhà,1,8,0,Tây Nam,0,1,0,0,0,0,0,0,0,0,0,0,0,1,1,1,1
260,6.5,114,3,2,1,1,1,căn hộ,1,9,1,N/A,0,0,0,0,0,0,0,0,0,1,0,0,1,1,1,1,1
261,2.35,24.5,0,1,1,0,1,căn hộ,1,12,1,N/A,0,0,0,0,0,0,1,0,0,0,0,0,1,1,0,1,1
262,21.8,67,3,3,3,1,2,nhà,1,15,1,Tây Bắc,0,0,0,0,0,0,0,0,0,0,0,1,1,1,0,1,1
263,23.4,71,3,3,3,1,2,nhà,1,15,1,Đông Nam,0,0,0,0,0,0,0,0,0,0,0,1,1,1,0,1,1
264,18,62.5,3,2,3,0,2,liền kề,1,14,1,N/A,0,0,0,0,0,0,0,0,0,0,0,1,1,1,0,1,1
265,9,100,4,3,4,1,1,nhà,1,6,0,N/A,0,0,0,0,0,0,0,1,0,0,0,0,0,1,1,1,1
266,23,120,4,4,4,1,3,villa,1,7,1,N/A,0,0,0,0,0,0,0,1,0,0,0,0,1,1,1,1,1
267,4.9,38,3,3,3,1,2,nhà,1,8,0,Đông Nam,0,0,0,0,0,1,0,0,0,0,0,0,1,1,0,1,1
268,3.5,38.5,3,2,3,1,1,nhà,1,4,0,Tây Nam,0,0,1,0,0,0,0,0,0,0,0,0,0,1,1,1,1
269,4.5,40,3,3,4,1,1,nhà,1,5,0,N/A,0,0,1,0,0,0,0,0,0,0,0,0,0,1,1,1,1
270,3.5,46,1,1,1,1,1,căn hộ,1,7,1,N/A,0,0,0,0,0,0,0,1,0,0,0,0,1,1,1,1,1
271,6.7,90,3,2,1,1,1,căn hộ,1,7,1,Đông Nam,0,0,0,0,0,0,0,1,0,0,0,0,1,1,1,1,1
272,2,60,1,1,1,0,2,nhà,1,12,0,N/A,0,0,0,0,0,0,0,0,0,0,0,0,0,1,0,1,0
273,2.3,65,2,1,1,0,1,căn hộ,1,5,0,N/A,0,0,0,1,0,0,0,0,0,0,0,0,0,1,1,1,1
274,2.85,30,3,2,3,1,3,nhà,1,6,0,N/A,0,0,0,0,0,0,0,0,0,0,0,0,0,1,0,1,1
275,4.0,50,3,2,3,1,2,nhà,1,25,0,Đông Nam,0,0,0,0,0,0,0,0,0,0,0,1,0,1,0,1,1
276,10.5,31,2,2,2,0,1,nhà,1,6,0,N/A,0,0,0,0,0,0,1,0,0,0,0,0,1,1,1,1,1
277,19.5,129,4,3,3,1,1,nhà,1,8,1,Đông,0,0,0,0,0,0,0,0,0,0,0,0,1,1,1,1,1
278,12.0,50,3,2,4,1,2,nhà,1,12,0,Tây Nam,0,0,0,0,0,0,0,1,0,0,0,0,1,1,0,1,1
279,41.0,72,4,3,4,1,1,nhà,1,4,0,Nam,0,0,1,0,0,0,0,0,0,0,0,0,1,1,1,1,1
280,39.0,72,4,3,4,1,1,nhà,1,4,0,Nam,0,0,1,0,0,0,0,0,0,0,0,0,1,1,1,1,1
281,25.0,20,3,2,4,0,2,nhà,1,2,0,Đông Nam,0,0,0,0,0,0,0,0,0,0,0,0,1,1,1,1,1
282,52.0,59,4,3,8,1,2,nhà,1,5,1,N/A,0,0,0,0,1,0,0,0,0,0,0,0,1,1,1,1,1
283,50.0,198,5,4,5,0,1,nhà,1,6,0,Tây,0,1,0,0,0,0,0,0,0,0,0,0,1,1,1,1,1
284,45.0,80,4,3,7,1,1,nhà,1,3,0,Bắc,1,0,0,0,0,0,0,0,0,0,0,0,1,1,1,1,1
285,100.0,383,5,4,3,0,2,nhà,1,3,0,Đông Nam,1,0,0,0,0,0,0,0,0,0,0,0,1,1,1,1,1
286,8.95,44,3,2,6,1,2,nhà,1,7,0,N/A,0,0,0,0,0,0,1,0,0,0,0,0,1,1,1,1,1
287,1.5,50,1,1,1,0,1,nhà,1,15,0,Nam,0,0,0,0,0,0,0,1,0,0,0,0,0,1,0,1,1
288,2.0,60,1,1,1,0,1,nhà,1,20,0,0,0,0,0,0,0,0,0,0,0,0,0,1,0,1,0,1,0
289,6.0,65,3,2,2,0,1,nhà,1,25,0,0,0,0,0,0,0,0,0,0,0,0,0,1,0,1,0,1,1
290,28.5,80,4,3,6,1,1,nhà,1,6,0,Đông Nam,0,1,0,0,0,0,0,0,0,0,0,0,1,1,1,1,1
291,11.3,32,2,2,3,0,1,nhà,1,4,0,0,0,0,0,0,0,0,0,0,1,0,0,0,1,1,1,1,1
292,10.75,46,3,2,4,1,1,nhà,1,10,1,Tây Nam,0,0,0,0,0,0,0,1,0,0,0,0,1,1,1,1,1
293,1.7,100,0,0,0,0,1,đất,1,30,0,0,0,0,0,0,0,0,0,0,0,0,0,0,0,1,0,1,0
294,1.2,100,0,0,0,0,1,đất,1,25,0,0,0,0,0,0,0,0,0,0,0,0,0,1,0,1,0,1,1
295,2.0,80,3,2,2,0,1,nhà,1,15,0,Nam,0,0,0,0,0,0,0,0,0,1,0,0,0,1,0,1,1
296,1.75,130,0,0,0,0,1,đất,1,10,0,0,0,0,0,0,0,0,0,0,0,1,0,0,0,1,0,1,0
297,1.6,50,0,0,0,0,1,đất,1,40,0,0,0,0,0,0,0,0,0,0,0,0,1,0,0,1,0,1,1
298,80.0,62,4,3,5,1,1,nhà,1,1,0,Đông,0,0,0,0,0,0,0,0,0,0,0,0,1,1,1,1,1
299,62.0,333,5,4,5,0,3,nhà,1,1,0,Nam,0,0,0,0,0,0,0,0,0,0,0,0,1,1,1,1,1
300,26.5,57,3,2,4,1,2,nhà,1,1,0,Tây Nam,0,0,0,0,0,0,0,0,0,0,0,0,1,1,1,1,1
301,2.5,46,2,1,2,0,1,nhà,1,20,0,0,0,0,0,0,0,0,0,0,0,0,0,0,0,1,0,1,1
302,1.0,80,0,0,0,0,1,đất,1,30,0,0,0,0,0,0,0,0,0,0,0,0,0,1,0,1,0,1,0
303,32.0,62,0,0,0,0,1,đất,1,40,0,Nam,0,0,0,0,0,0,0,0,0,0,1,0,0,1,0,0,1
304,2.0,100,0,0,0,0,1,đất,1,25,0,0,0,0,0,0,0,0,0,0,0,0,0,1,0,1,0,1,1
305,1.6,50,0,0,0,0,1,đất,1,40,0,0,0,0,0,0,0,0,0,0,0,0,1,0,0,1,0,1,1
306,14.8,100,0,0,0,0,1,đất,1,30,1,0,0,0,0,0,0,0,0,0,0,0,0,0,0,1,0,1,0
307,1.0,60,1,1,1,0,1,nhà,1,30,0,Nam,0,0,0,0,0,0,0,0,0,0,1,0,0,1,0,1,1
308,3.0,60,2,1,2,0,1,nhà,1,25,0,Đông,0,0,0,0,0,0,0,0,0,0,0,1,0,1,0,1,1
309,78.0,250,5,4,7,1,1,nhà,1,5,1,Tây,0,0,0,0,0,0,0,0,0,0,0,0,1,1,1,1,1
310,11.5,90,4,3,5,1,2,nhà,1,10,0,Nam,0,0,0,0,0,0,0,0,0,0,0,0,1,1,1,1,1
311,2.0,62,2,1,2,0,1,nhà,1,20,0,0,0,0,0,0,0,0,0,0,0,0,0,0,0,1,0,1,1
312,6.0,75,3,2,4,0,1,nhà,1,25,0,0,0,0,0,0,0,0,0,0,0,0,0,1,0,1,0,1,1
313,1.75,130,0,0,0,0,1,đất,1,10,0,0,0,0,0,0,0,0,0,0,0,1,0,0,0,1,0,1,0
314,110.0,250,6,5,8,1,1,nhà,1,5,1,Đông Nam,0,0,0,0,0,0,0,0,0,0,0,0,1,1,1,1,1
315,8.0,44,3,2,5,1,1,nhà,1,7,0,Bắc,0,0,0,0,0,0,1,0,0,0,0,0,1,1,1,1,1
316,2.5,100,0,0,0,0,1,đất,1,25,0,0,0,0,0,0,0,0,0,0,0,0,0,1,0,1,0,1,1
317,1.2,100,0,0,0,0,1,đất,1,30,0,0,0,0,0,0,0,0,0,0,0,0,0,1,0,1,0,1,1
318,30.0,50,3,2,4,1,1,nhà,1,1,0,Tây Nam,0,0,0,0,0,0,0,0,0,0,0,0,1,1,1,1,1
319,5.0,65,3,2,2,0,1,nhà,1,25,0,0,0,0,0,0,0,0,0,0,0,0,0,1,0,1,0,1,1
320,2.0,80,2,1,2,0,1,nhà,1,30,0,Nam,0,0,0,0,0,0,0,0,0,0,1,0,0,1,0,1,1
321,1.7,100,0,0,0,0,1,đất,1,30,0,0,0,0,0,0,0,0,0,0,0,0,0,1,0,1,0,1,1
322,28.0,80,4,3,6,1,1,nhà,1,6,0,Đông Nam,0,1,0,0,0,0,0,0,0,0,0,0,1,1,1,1,1
323,19.0,105,4,3,4,0,1,nhà,1,7,0,0,0,0,0,0,0,0,1,0,0,0,0,0,1,1,1,1,1
324,10.0,44,2,2,1,0,1,nhà,1,7,0,0,0,0,0,0,0,0,1,0,0,0,0,0,1,1,0,1,1
325,9.7,33,4,4,5,1,1,nhà,1,4,0,Đông Nam,0,0,0,1,0,0,0,0,0,0,0,0,1,1,1,1,1
326,5.2,40,5,3,4,1,1,nhà,1,15,0,Đông Nam,0,0,0,0,0,0,0,0,0,0,0,0,1,1,1,1,1
327,6.95,30,3,3,4,1,1,nhà,1,10,0,Tây Nam,0,0,0,0,0,0,0,1,0,0,0,0,1,1,1,1,1
328,1.75,25,0,1,1,1,1,căn hộ,1,10,1,0,0,0,0,0,0,0,0,0,0,1,0,0,1,1,1,1,1
329,02.05,28,0,1,1,1,1,căn hộ,1,10,1,0,0,0,0,0,0,0,0,0,0,1,0,0,1,1,1,1,1
330,2.9,43,1,1,1,1,1,căn hộ,1,10,1,Tây Bắc,0,0,0,0,0,0,0,0,0,1,0,0,1,1,1,1,1
331,3.6,55,2,2,1,1,1,căn hộ,1,10,1,Đông Nam,0,0,0,0,0,0,0,0,0,1,0,0,1,1,1,1,1
332,21.1,62.5,2,2,1,1,1,căn hộ,1,10,1,Tây Bắc,0,0,0,0,0,0,0,0,0,1,0,0,1,1,1,1,1
333,52,198,5,4,5,0,2,villa,1,8,1,Đông Nam,0,0,0,0,0,0,0,0,0,0,0,0,1,1,1,1,1
334,3.2,36.2,3,2,3,1,1,nhà,1,10,0,Nam,0,0,0,0,0,0,0,1,0,0,0,0,1,1,1,1,1
335,6.75,45,4,3,4,1,1,nhà,1,15,0,Tây,0,0,0,0,0,0,0,0,0,0,0,0,1,1,1,1,1
336,6.8,55,4,3,4,0,1,nhà,1,8,1,Đông,0,0,0,0,0,0,1,0,0,0,0,0,1,1,1,1,1
337,1.6,50,3,2,2,0,1,nhà,1,15,0,Nam,0,0,0,0,0,0,0,0,0,0,0,0,0,1,0,1,1
338,3.5,100,0,0,0,0,1,đất,1,15,0,0,0,0,0,0,0,0,0,0,0,0,0,1,0,1,0,1,0
339,22,120,4,3,3,1,1,villa,1,4,1,Đông Nam,0,0,0,0,0,0,0,0,1,0,0,0,1,1,1,1,1
340,3.999,46,1,1,1,1,1,căn hộ,1,6,1,Đông Nam,0,0,0,0,1,0,0,0,0,0,0,0,1,1,1,1,1
341,2.1,30,0,1,1,1,1,căn hộ,1,6,1,0,0,0,0,0,1,0,0,0,0,0,0,0,1,1,1,1,1
342,7.8,60,4,3,4,0,1,nhà,1,13,1,Nam,0,0,0,0,0,0,0,0,0,1,0,0,1,1,1,1,1
343,5.3,62.3,2,2,1,1,1,căn hộ,1,10,1,Tây Nam,0,0,0,0,0,0,0,0,0,1,0,0,1,1,1,1,1
344,43,180,4,3,3.5,1,2,villa,1,10,1,Đông Nam,0,0,0,0,0,0,0,1,0,0,0,0,1,1,1,1,1
345,41,200,5,4,4,0,1,villa,1,10,1,Nam,0,0,0,0,0,0,0,1,0,0,0,0,1,1,1,1,1
346,57,301,5,4,4,1,2,villa,1,10,1,Đông Nam,0,0,0,0,0,0,0,1,0,0,0,0,1,1,1,1,1
347,3.15,36,0,0,0,0,1,đất,1,12,0,Nam,0,0,0,0,0,0,0,0,0,0,0,0,0,1,0,1,1
348,1.8,100,0,0,0,0,1,đất,1,25,0,0,0,0,0,0,0,0,0,0,0,0,1,0,0,1,0,1,0
349,2.65,62.2,0,0,0,0,1,đất,1,12,0,Nam,0,0,0,0,0,0,0,0,0,0,0,0,0,1,0,1,1
350,28.3,100,0,0,0,0,1,đất,1,10,0,Đông Bắc,0,0,0,0,0,0,0,1,0,0,0,0,1,1,1,1,1
351,4.0,100,0,0,0,0,1,đất,1,15,0,0,0,0,0,0,0,0,0,0,0,0,0,1,0,1,0,1,1
352,3.5,100,0,0,0,0,1,đất,1,40,0,0,0,0,0,0,0,0,0,0,0,0,0,0,0,1,0,1,1
353,1.9,50,0,0,0,0,1,đất,1,25,0,Nam,0,0,0,0,0,0,0,0,0,0,0,1,0,1,0,1,0
354,29,170,4,3,4,1,2,villa,1,10,1,Đông Nam,0,0,0,0,0,0,0,1,0,0,0,0,1,1,1,1,1
355,7.3,90,3,2,1,1,1,căn hộ,1,10,1,Đông Nam,0,0,0,0,0,0,0,1,0,0,0,0,1,1,1,1,1
356,8.8,127,3,3,1,1,1,căn hộ,1,10,1,Tây Nam,0,0,0,0,0,0,0,1,0,0,0,0,1,1,1,1,1
357,5.65,119,4,3,1,1,1,căn hộ,1,10,1,Nam,0,0,0,0,0,0,0,1,0,0,0,0,1,1,1,1,1
358,190,300,5,4,4,1,2,villa,1,15,1,Đông Nam,0,0,0,0,0,0,0,0,0,0,0,0,1,1,1,1,1
359,2.7,47,1,1,1,1,1,căn hộ,1,4,1,Đông Nam,0,0,0,0,0,0,0,0,1,0,0,0,1,1,1,1,1
360,3.761,76,3,2,1,1,1,căn hộ,1,4,1,Tây Nam,0,0,0,0,0,0,0,0,1,0,0,0,1,1,1,1,1
361,15,349,5,4,1,1,1,căn hộ,1,4,1,Đông Nam,0,0,0,0,0,0,0,0,1,0,0,0,1,1,1,1,1
362,40,200,4,3,4,1,1,villa,1,10,1,Đông Nam,0,0,0,0,0,0,0,1,0,0,0,0,1,1,1,1,1
363,95,225,0,0,0,0,1,đất,1,10,0,Nam,0,0,0,0,0,0,0,1,0,0,0,0,1,1,1,1,1
364,8.0,100,0,0,0,0,1,đất,1,15,0,N/A,0,0,0,0,0,0,0,0,0,0,0,1,0,1,0,1,1
365,86.5,132,0,0,0,0,1,đất,1,12,0,Đông Nam,0,0,0,0,0,0,0,0,0,0,0,0,1,1,1,1,1
366,139.2,150,0,0,0,0,1,đất,1,12,0,Tây Nam,0,0,0,0,0,0,0,0,0,0,0,0,1,1,1,1,1
367,32,62,0,0,0,0,1,đất,1,12,0,Nam,0,0,0,0,0,0,0,0,0,0,0,0,0,1,0,1,1
368,5.950,53,1,1,1,1,1,căn hộ,1,6,1,Đông Nam,0,0,0,0,1,0,0,0,0,0,0,0,1,1,1,1,1
369,6.5,53,1,1,1,1,1,căn hộ,1,6,1,Tây Nam,0,0,0,0,1,0,0,0,0,0,0,0,1,1,1,1,1
370,9,76,2,2,2,1,1,căn hộ,1,4,1,Đông Nam,0,0,0,0,0,0,0,0,1,0,0,0,1,1,1,1,1
371,3.2,47,1,1,1,1,1,căn hộ,1,4,1,Tây Nam,0,0,0,0,0,0,0,0,1,0,0,0,1,1,1,1,1
372,3.9,39,2,2,1,1,1,căn hộ,1,4,1,Đông Nam,0,0,0,0,0,0,0,0,1,0,0,0,1,1,1,1,1
373,356,120,4,3,3,0,2,villa,1,4,1,Đông Nam,0,0,0,0,0,0,0,0,1,0,0,0,1,1,1,1,1
374,57,200,4,3,3,0,1,đất,1,15,0,Nam,0,0,0,0,0,0,0,0,0,0,0,0,0,1,0,1,1
375,6.5,50,3,4,5,0,1,nhà,1,12,1,Tây Nam,0,0,0,0,0,0,1,0,0,0,0,0,0,0,1,1,1
376,11.8,135,3,2,1,1,0,căn hộ,1,11,0,Tây Bắc,0,0,0,0,0,0,0,1,0,0,0,0,1,1,1,1,1
377,17,40,8,4,5,1,2,nhà,1,6,0,Bắc,0,1,0,0,0,0,0,0,0,0,0,0,1,1,1,1,1
378,9.2,65,3,3,3,0,1,nhà,1,3,0,Đông Nam,1,0,0,0,0,0,0,0,0,0,0,0,1,1,1,1,1
379,11.9,110,3,2,0,1,1,căn hộ,1,3,1,Tây Bắc,0,1,0,0,0,0,0,0,0,0,0,0,1,1,1,1,1
380,13.9,46.5,3,3,7,1,1,nhà,1,7.5,1,Đông Bắc,0,0,0,0,0,0,1,0,0,0,0,0,1,1,0,1,1
381,6.5,35,1,1,1,0,1,nhà,0,6.5,1,Tây,0,0,0,0,1,0,0,0,0,0,0,0,1,1,1,1,1
382,5.9,37,3,3,5,1,1,nhà,1,8.5,1,Nam,0,0,0,0,0,0,0,0,0,0,1,0,1,1,1,1,1
383,22,72,10,10,5,1,1,villa,1,7,1,Đông Nam,0,0,0,0,0,1,0,0,0,0,0,0,1,1,1,1,1
384,5.5,39,0,0,0,0,1,đất,1,8,1,Nam,0,0,0,0,0,0,0,0,0,1,0,0,0,1,0,0,1
385,44,406,5,4,1,0,0,căn hộ,1,3,1,Đông Nam,0,0,1,0,0,0,0,0,0,0,0,0,1,1,1,1,1
386,4.05,33,3,4,5,1,1,nhà,1,13,0,Đông Bắc,0,0,0,0,0,0,0,1,0,0,0,0,0,1,1,1,1
387,8.6,40,4,4,5,1,1,nhà,1,5,0,Tây Nam,0,1,0,0,0,0,0,0,0,0,0,0,1,1,1,1,1
388,11.5,56,8,4,5,1,1,nhà,1,6,0,Đông Nam,0,0,0,0,0,1,0,0,0,0,0,0,1,1,1,1,1
389,34,157,2,2,3,0,1,nhà,1,6,0,Tây Bắc,0,0,0,0,0,0,1,0,0,0,0,0,1,1,1,1,1
390,58,166,5,4,4,1,1,villa,1,8,1,Tây Bắc,0,0,0,0,0,0,0,0,0,0,1,0,1,1,1,1,1
391,2.35,33,1,1,1,1,0,căn hộ,1,13,1,Tây Nam,0,0,0,0,0,0,1,0,0,0,0,0,1,1,1,1,1
392,8.1,30,3,4,5,1,1,nhà,1,7,0,Đông,0,1,0,0,0,0,0,0,0,0,0,0,1,1,1,1,1
393,5.38,62,1,1,1,1,0,căn hộ,1,11,1,Đông Bắc,0,0,0,0,0,0,0,1,0,0,0,0,1,1,1,1,1
394,5.235,65,2,2,1,1,0,căn hộ,0,10,1,Tây Bắc,0,0,0,0,0,0,0,0,0,1,0,0,1,1,1,1,1
395,9.98,40,4,5,6,1,1,nhà,1,6,1,Đông Nam,0,0,0,0,0,1,0,0,0,0,0,0,1,1,1,1,1
396,19.3,80,9,9,6,1,1,nhà,1,10,0,Tây,0,0,0,0,0,0,0,0,0,1,0,0,0,1,1,1,1
397,23.68,93,8,8,6,1,1,nhà,1,5,0,Nam,0,0,0,0,0,1,0,0,0,0,0,0,0,1,1,1,1
398,7.2,95.5,3,2,1,1,0,căn hộ,1,11,1,Bắc,0,0,0,0,0,0,0,1,0,0,0,0,1,1,1,1,1
399,48,189.4,5,5,4,0,1,villa,1,10,1,Đông Nam,0,0,0,0,0,0,0,0,0,1,0,0,1,1,1,1,1
400,3.6,77.5,0,1,1,0,0,căn hộ,1,12,1,Đông Nam,0,0,0,0,0,0,0,1,0,0,0,0,1,1,1,1,1
401,14.5,108,3,2,1,1,0,căn hộ,1,6,1,Đông Nam,0,1,0,0,0,0,0,0,0,0,0,0,1,1,1,1,1
402,13,117,2,2,1,1,0,căn hộ,1,4.5,1,Đông Nam,0,0,0,0,0,0,0,0,1,0,0,0,1,1,1,1,1
403,61,360,8,5,3,0,1,villa,1,10,1,Đông Bắc,0,0,0,0,0,0,0,1,0,0,0,0,1,1,1,1,1
404,8,45,10,7,7,1,1,nhà,1,12,1,Nam,0,0,0,0,0,0,0,0,0,0,1,0,1,1,1,1,1
405,2.55,20,1,1,1,0,1,nhà,0,4.5,0,Đông Nam,0,0,0,1,0,0,0,0,0,0,0,0,0,1,1,1,1
406,9.2,46,3,3,5,0,1,nhà,1,6,0,Tây Nam,0,0,0,0,0,1,0,0,0,0,0,0,1,1,1,1,1
407,6.68,31,3,3,5,1,1,nhà,1,10,1,Tây Nam,0,0,0,0,0,0,0,1,0,0,0,0,1,1,1,1,1
408,7.39,33,3,3,6,0,1,nhà,1,10,1,Đông Bắc,0,0,0,0,0,0,0,1,0,0,0,0,1,1,1,1,1
409,10,40,4,5,6,1,1,nhà,1,4,1,Tây Nam,0,0,1,0,0,0,0,0,0,0,0,0,0,1,1,1,1
410,7.5,99,4,2,1,1,0,căn hộ,1,5,1,Đông,0,0,0,1,0,0,0,0,0,0,0,0,1,1,1,1,1
411,6.75,32,3,3,4,1,1,nhà,1,5,0,,0,0,0,0,1,0,0,0,0,0,0,0,1,1,1,1,1
412,9.5,38,4,5,6,1,1,nhà,1,6,0,,0,1,0,0,0,0,0,0,0,0,0,0,1,1,1,1,1
413,11.98,45,3,3,5,1,1,nhà,1,11.5,1,Tây Bắc,0,0,0,0,0,0,0,1,0,0,0,0,1,1,1,1,1
414,32.93,100.7,4,3,5,0,1,villa,0,6,1,Nam,0,0,0,0,1,0,0,0,0,0,0,0,1,1,1,1,1
415,5.5,40,4,3,5,1,1,nhà,1,13,1,Đông Nam,0,0,0,0,0,0,0,0,0,0,0,1,1,1,1,1,1
416,52.7,149,5,5,5,1,1,villa,1,9,1,Tây Bắc,0,0,0,0,0,0,1,0,0,0,0,0,1,1,1,1,1
417,46.5,158,0,0,0,0,1,đất,1,3,0,Tây Bắc,0,0,0,1,0,0,0,0,0,0,0,0,1,1,1,1,1
418,06.05,56,4,3,4,1,1,nhà,1,13,1,Tây,0,0,0,0,0,0,0,0,0,0,0,1,1,1,1,1,1
419,8.89,127,4,3,1,1,0,căn hộ,1,12,1,Đông Nam,0,0,0,0,0,0,0,0,0,0,0,1,1,1,1,1,1
420,4.5,64,2,2,1,1,0,căn hộ,1,11,1,Đông Bắc,0,0,0,0,0,0,0,0,0,1,0,0,1,1,1,1,1
421,20,131,3,2,1,1,0,căn hộ,1,5,1,Đông Bắc,0,0,0,0,1,0,0,0,0,0,0,0,1,1,1,1,1
422,4.8,55,2,1,1,1,0,căn hộ,1,11,1,Tây Bắc,0,0,0,0,0,0,0,0,0,1,0,0,1,1,1,1,1
423,22,74,6,7,7,1,1,nhà,1,6,0,Bắc,0,1,0,0,0,0,0,0,0,0,0,0,1,1,1,1,1
424,3.35,63.5,2,2,1,1,0,căn hộ,0,7,1,Đông ,0,0,0,0,0,1,0,0,0,0,0,0,1,1,1,1,1
425,10.32,86,2,2,1,1,0,căn hộ,1,8,1,Đông Nam,0,0,0,0,0,0,0,0,1,0,0,0,1,1,1,1,1
426,11.2,42,4,2,4,0,1,nhà,1,7,1,Đông Bắc,0,1,0,0,0,0,0,0,0,0,0,0,1,1,1,1,1
427,3.45,44,2,1,1,1,0,căn hộ,1,10,1,Nam,0,0,0,0,0,0,0,0,0,1,0,0,1,1,0,0,1
428,8.2,43,1,1,1,0,1,nhà,1,12,1,Tây,0,0,0,0,0,0,0,0,0,1,0,0,1,1,1,1,1
429,"5,8",127,4,3,1,1,0,căn hộ,1,15,1,Đông Bắc,0,0,0,0,0,0,0,0,0,0,0,1,0,1,0,0,0
430,773,35,3,4,5,1,1,nhà,1,2,0,,1,0,0,0,0,0,0,0,0,0,0,0,1,1,0,1,0
431,9.5,38,3,3,4,1,1,nhà,1,3,0,,0,0,0,0,0,0,0,0,0,1,0,0,1,1,1,1,1
432,8.6,58,2,2,3,1,1,nhà,1,2,0,,1,0,0,0,0,0,0,0,0,0,0,0,1,1,1,1,1
433,12.7,145,4,3,1,1,0,căn hộ,1,7,1,Tây Bắc,0,0,0,0,0,1,0,0,0,0,0,0,1,1,1,1,1
434,21.5,48,3,4,7,1,1,nhà,1,8,1,,0,0,0,0,1,0,0,0,0,0,0,0,1,1,1,1,1
435,19.99,50,10,7,7,1,1,nhà,1,13,0,Đông Nam,0,0,0,0,0,0,0,1,0,0,0,0,1,1,1,1,1
436,5.59,70,4,4,4,1,1,nhà,1,6.5,0,Tây Nam,0,0,0,0,0,0,1,0,0,0,0,0,1,1,1,1,1
437,55,94,4,5,7,1,1,nhà,1,6,0,,0,1,0,0,0,0,0,0,0,0,0,0,1,1,1,1,1
438,7.6,38,4,4,5,1,1,nhà,1,9,0,,0,0,0,0,0,0,0,0,0,1,0,0,1,1,1,1,1
439,49,85,11,10,5,1,1,nhà,1,3,0,,0,0,0,1,0,0,0,0,0,0,0,0,1,1,1,1,1
440,13,53,4,5,5,1,4,nhà,1,8,1,,0,0,0,0,0,0,0,0,1,0,0,0,1,1,1,1,1
441,9.4,124,3,3,1,1,0,căn hộ,1,15,1,Đông Nam,0,0,0,0,0,0,0,0,0,0,0,1,1,1,1,1,1
442,11.2,38,4,4,5,1,1,nhà,1,3,1,,1,0,0,0,0,0,0,0,0,0,0,0,1,1,1,1,1
443,109,180,8,8,9,1,1,nhà,1,7,1,,0,0,0,0,1,0,0,0,0,0,0,0,1,1,1,1,1
444,23,102.7,5,4,4,1,1,nhà,1,3,1,,0,0,0,0,1,0,0,0,0,0,0,0,1,1,1,1,1
445,15.6,50,4,2,4,1,1,nhà,1,5,1,,0,1,0,0,0,0,0,0,0,0,0,0,1,1,1,1,1
446,11.5,44,5,5,4,1,1,nhà,1,7,1,,0,0,0,0,0,0,0,0,0,1,0,0,1,1,1,1,1
447,34.89,124,4,3,4,1,1,nhà,1,2.5,1,Đông Nam,0,0,0,1,0,0,0,0,0,0,0,0,1,1,1,1,1
448,10.9,45,4,2,4,1,1,nhà,1,2.5,1,,0,0,1,0,0,0,0,0,0,0,0,0,1,1,0,1,1
449,9.94,65,2,2,1,0,0,căn hộ,1,5,1,Đông Bắc,0,1,0,0,0,0,0,0,0,0,0,0,1,1,1,1,1
450,9,40,4,4,5,1,1,nhà,1,11,1,Đông,0,0,0,0,0,0,0,0,0,1,0,0,1,1,1,1,1
451,16.9,40,4,5,7,1,1,nhà,1,5,1,,0,0,0,0,0,0,0,0,1,0,0,0,1,1,1,1,1
452,7.9,42,3,4,5,1,1,nhà,1,2,1,Tây ,1,0,0,0,0,0,0,0,0,0,0,0,1,1,1,1,1
453,7.69,75,2,2,1,1,0,căn hộ,1,7,1,Tây Bắc,0,1,0,0,0,0,0,0,0,0,0,0,1,1,1,1,0
454,8,50,4,2,2,1,1,nhà,1,10,1,Đông Nam,0,0,0,0,0,0,1,0,0,0,0,0,1,1,0,1,1
455,6.5,40,3,2,4,1,1,nhà,1,7,1,Tây Nam,0,0,0,0,0,0,1,0,0,0,0,0,1,1,0,1,1
456,12.5,47,6,4,4,0,1,nhà,1,1,1,Nam,0,0,0,1,0,0,0,0,0,0,0,0,1,1,1,0,1
457,4.75,48,2,2,2,0,1,nhà,1,15,1,Tây Bắc,0,0,0,0,0,0,0,0,0,0,0,1,0,1,1,1,1
458,7.5,32,4,5,6,1,1,nhà,1,3,1,,1,0,0,0,0,0,0,0,0,0,0,0,0,1,0,0,0
459,8.8,41,3,5,5,1,1,nhà,1,3,1,Tây Nam,0,0,1,0,0,0,0,0,0,0,0,0,0,1,0,0,0
460,18.5,55,8,5,6,1,1,nhà,1,5,1,,0,0,0,0,0,0,0,0,1,0,0,0,1,1,0,0,0
461,13.5,30,5,5,7,1,0,nhà,1,6,1,,0,0,0,0,0,0,0,0,1,0,0,0,1,1,1,1,1
462,14.6,42,4,5,7,1,0,nhà,1,6,1,Tây Nam,0,0,0,0,0,0,0,0,1,0,0,0,1,1,1,1,1
463,16.8,46,5,5,7,1,1,nhà,1,6,1,Tây,0,0,0,0,0,0,0,0,1,0,0,0,1,1,1,1,1
464,10.4,46,4,3,5,0,1,nhà,1,3,0,,0,0,0,0,0,0,0,0,1,0,0,0,1,1,0,0,0
465,13,43,4,4,5,1,1,nhà,1,10,0,,0,0,0,0,0,0,0,0,0,0,0,1,1,1,1,1,0
466,7,37,3,4,5,1,1,nhà,1,7.5,1,Đông Bắc,0,0,0,0,1,0,0,0,0,0,0,0,1,1,1,1,0
467,11,124.5,3,3,1,1,0,căn hộ,1,12,1,Tây Nam,0,0,0,0,0,0,0,0,0,0,0,1,1,1,1,1,0
468,6.6,34,3,3,5,1,1,nhà,1,13,1,Đông Bắc,0,0,0,0,0,0,0,0,0,0,1,0,0,1,0,0,1
469,9,32,3,4,5,1,1,nhà,1,9,1,Đông Nam,0,0,0,0,0,0,1,0,0,0,0,0,1,1,0,1,1
470,6.2,36,3,4,5,1,1,nhà,1,10,1,Tây Bắc,0,0,0,0,0,0,0,0,0,0,1,0,1,1,0,1,1
471,8,40,10,6,7,1,1,nhà,1,12,1,,0,0,0,0,0,0,0,0,0,1,0,0,1,1,0,0,1
472,6.3,83,3,2,1,1,0,căn hộ,1,11,1,Đông Bắc,0,0,0,0,0,1,0,0,0,0,0,0,0,1,0,0,1
473,07.04,32,3,3,5,0,1,nhà,1,11,0,Đông ,0,0,0,0,0,0,0,0,0,0,1,0,1,1,1,1,1
474,8.93,55.8,1,1,1,1,0,căn hộ,1,10,0,Tây Bắc,0,0,0,0,0,0,0,0,1,0,0,0,1,1,1,1,1
475,13.9,84.2,2,2,1,1,0,căn hộ,1,10,0,Tây Bắc,0,0,0,0,0,0,0,0,1,0,0,0,1,1,1,1,1
476,13.5,54,4,3,4,0,1,nhà,1,18,0,,0,0,0,0,0,0,0,0,0,0,0,1,1,1,1,1,1
477,11.5,41,4,3,5,1,1,nhà,1,15,1,Nam,0,0,0,0,0,0,0,0,0,0,1,0,1,1,1,1,1
478,12.9,47,4,4,4,1,1,nhà,1,14,1,Nam,0,0,0,0,0,0,0,0,0,0,1,0,1,1,1,1,1
479,15.5,96.7,2,2,1,1,0,căn hộ,1,4,1,Đông Bắc,1,0,0,0,0,0,0,0,0,0,0,0,0,1,1,1,1
480,7.9,32,4,2,4,1,1,nhà,1,12,1,Nam,0,0,0,0,0,0,0,1,0,0,0,0,1,1,1,1,1
481,33.8,60,8,5,6,1,1,nhà,1,7,1,,0,1,0,0,0,0,0,0,0,0,0,0,1,1,1,1,1
482,4.5,36,2,2,4,1,1,nhà,1,8,1,Đông Nam,0,0,0,0,0,1,0,0,0,0,0,0,1,1,1,1,1
483,5.8,45,3,2,3,1,1,nhà,1,6,1,Tây Bắc,0,0,1,0,0,0,0,0,0,0,0,0,1,1,1,1,1
484,3.2,52,2,2,12,1,0,căn hộ,1,4,1,Đông,0,0,0,1,0,0,0,0,0,0,0,0,1,1,1,1,1
485,2.1,32,1,1,25,1,0,căn hộ,1,12,1,Tây,0,0,0,0,0,0,0,0,0,1,0,0,1,1,1,1,1
486,2.5,28.6,1,1,1,1,0,căn hộ,1,16.3,1,Đông-Bắc,0,0,0,0,0,0,0,0,0,1,0,0,1,1,1,1,1
487,6.84,72,2,2,1,1,0,căn hộ,1,6.9,1,Đông-Nam,0,0,0,0,1,0,0,0,0,0,0,0,1,1,1,1,1
488,6.88,95,3,2,11,0,0,căn hộ,1,8,1,Tây Bắc,0,0,0,0,0,0,0,0,0,0,0,1,1,1,1,1,1
489,3.4,110,0,0,0,0,1,đất,1,10,1,,0,0,0,0,0,1,0,0,0,0,0,0,1,1,1,1,1
490,6.4,32,2,2,2,1,1,nhà,1,6,1,,0,0,0,0,0,1,0,0,0,0,0,0,1,1,1,1,1
491,28,45,5,5,7,1,1,nhà,1,3,1,Tây Bắc,0,0,1,0,0,0,0,0,0,0,0,0,1,1,1,1,1
492,8,65,3,3,8,1,1,nhà,1,3,1,,0,1,0,0,0,0,0,0,0,0,0,0,1,1,1,1,1
493,10,50,0,0,0,0,1,đất,1,12,0,,0,0,0,0,0,0,0,1,0,0,0,0,1,1,1,1,1
494,7.5,75,2,2,1,1,0,căn hộ,1,2,1,,1,0,0,0,0,0,0,0,0,0,0,0,1,1,1,1,1
495,45,60,0,2,10,1,1,nhà,1,2,1,,1,0,0,0,0,0,0,0,0,0,0,0,1,1,1,1,1
496,6.2,40,3,3,6,1,1,nhà,1,7,1,,0,0,0,0,0,1,0,0,0,0,0,0,1,1,1,1,1
497,4.8,35,3,3,5,1,1,nhà,1,5,1,,0,1,0,0,0,0,0,0,0,0,0,0,1,1,1,1,1
498,32.5,104,4,4,4,1,1,nhà,1,10,1,Đông Nam,0,0,0,0,0,0,0,1,0,0,0,0,1,1,1,1,1
499,3.5,144,4,3,3,1,1,biệt thự,1,3,1,,0,0,0,1,0,0,0,0,0,0,0,0,1,1,1,1,1
500,9.5,45,3,3,4,1,1,nhà,1,1.5,1,Đông Bắc,1,0,0,0,0,0,0,0,0,0,0,0,1,1,1,1,1
501,18.5,42,4,3,5,1,1,nhà,1,3,1,,0,0,1,0,0,0,0,0,0,0,0,0,1,1,1,1,1
502,8.5,55,3,3,4,1,1,biệt thự,1,2,1,,0,0,1,0,0,0,0,0,0,0,0,0,1,1,1,1,1
503,18.9,199,4,4,1,1,0,căn hộ,1,12,1,Đông Nam,0,0,0,0,0,0,0,0,0,1,0,0,1,1,1,1,1
504,3.5,56,2,2,1,1,0,căn hộ,1,12,1,Đông Nam,0,0,0,0,0,0,0,1,0,0,0,0,1,1,1,1,1
505,3.8,35,2,2,4,1,1,nhà,1,10,1,,0,0,0,0,0,0,0,0,1,0,0,0,1,1,1,1,1
506,4.2,35,4,4,4,1,1,nhà,1,10,1,,0,0,0,0,0,0,0,1,0,0,0,0,1,1,1,1,1
507,4.2,31,3,3,5,1,1,nhà,1,4,1,Đông Bắc,0,0,1,0,0,0,0,0,0,0,0,0,1,1,1,1,1
508,4,120,3,2,3,1,1,nhà,1,9,1,,0,0,0,0,0,0,0,0,1,0,0,0,1,1,1,1,1
509,14,63,4,4,6,1,1,nhà,1,6,1,,0,0,0,0,0,0,1,0,0,0,0,0,1,1,1,1,1
510,2.8,32,0,0,0,0,1,đất,1,12,0,Đông Nam,0,0,0,0,0,0,0,1,0,0,0,0,1,1,1,1,1
511,2.8,28,2,1,2,0,1,nhà,1,1,1,,0,0,1,0,0,0,0,0,0,0,0,0,1,1,1,1,1
512,14,44,4,4,5,1,1,nhà,1,2,1,,1,0,0,0,0,0,0,0,0,0,0,0,1,1,1,1,1
513,6.3,37,3,2,4,1,1,nhà,1,10,1,Tây Bắc,0,0,0,0,0,0,0,0,0,0,1,0,1,1,1,1,1
514,9.3,104.43,3,2,1,1,0,căn hộ,1,2,1,,0,0,1,0,0,0,0,0,0,0,0,0,1,1,1,1,1
515,10,61,3,2,4,1,1,nhà,1,4,1,,0,1,0,0,0,0,0,0,0,0,0,0,1,1,1,1,1
516,25,147.6,4,4,3,1,1,villa,1,8,1,Đông Nam,0,0,0,0,1,0,0,0,0,0,0,0,1,1,1,1,1
517,14,107,3,2,1,1,0,căn hộ,1,5,1,,0,0,0,0,1,0,0,0,0,0,0,0,1,1,1,1,1
518,18.5,86,3,2,0,1,0,căn hộ,1,5,1,Đông Nam,0,1,0,0,0,0,0,0,0,0,0,0,1,1,1,1,1
519,12,38,4,4,6,1,11,nhà,1,10,1,Đông Nam,0,0,0,0,0,1,0,0,0,0,0,0,1,1,1,1,1
520,15.5,60,4,3,5,1,1,nhà,1,7,1,Tây Nam,0,0,0,0,1,0,0,0,0,0,0,0,1,1,1,1,1
521,15.5,40,3,3,4,1,1,nhà,1,5,1,Tây Nam,0,1,0,0,0,0,0,0,0,0,0,0,1,1,1,1,1
522,04.03,77,2,2,1,1,0,căn hộ,1,10,1,Tây Bắc,0,0,0,0,0,0,0,1,0,0,0,0,1,1,1,1,1
523,22.5,45,4,4,6,1,1,nhà,1,3,1,,0,0,1,0,0,0,0,0,0,0,0,0,1,1,1,1,1
524,13,330,4,4,4,1,1,nhà,1,8,1,Đông Nam,0,0,0,0,0,0,0,0,0,1,0,0,1,1,1,1,1
525,8.6,33,5,3,5,1,1,nhà,1,6,1,,0,0,0,0,0,1,0,0,0,0,0,0,1,1,1,1,1
526,15.2,45,4,3,5,1,5,nhà,1,6,1,,0,0,0,0,0,1,0,0,0,0,0,0,1,1,1,1,1
527,7,145,5,5,8,1,6,nhà,1,12,1,Đông Bắc,0,0,0,0,0,0,0,0,0,1,0,0,1,1,1,1,1
528,12.8,105,3,2,1,1,0,căn hộ,1,7,1,,0,0,0,0,0,1,0,0,0,0,0,0,1,1,1,1,1
529,13.25,40,3,3,6,1,4,nhà,1,5,1,,0,0,0,0,1,0,0,0,0,0,0,0,1,1,1,1,1
530,12.4,35,4,3,6,1,4,nhà,1,3,1,,0,0,1,0,0,0,0,0,0,0,0,0,1,1,1,1,1
531,4.8,45,4,3,5,1,5,nhà,1,15,1,,0,0,0,0,0,0,0,0,0,0,0,1,1,1,1,1,1
532,3.8,93,3,2,1,1,0,căn hộ,1,10,1,,0,0,0,0,0,0,0,1,0,0,0,0,1,1,1,1,1
533,4.4,35,3,3,4,1,1,nhà,1,12,1,,0,0,0,0,0,0,0,0,0,0,1,0,1,1,1,1,1
534,25.5,42,4,3,4,1,1,nhà,1,3,1,,0,0,0,1,0,0,0,0,0,0,0,0,1,1,1,1,1
535,5.6,62,2,2,1,1,0,căn hộ,1,8,1,Tây Nam,0,0,0,0,0,0,0,0,0,1,0,0,1,1,1,1,1
536,6.295,74,2,2,1,0,0,căn hộ,1,12,1,,0,0,0,0,0,0,0,0,0,1,0,0,1,1,1,1,1
537,10.5,70,6,3,5,1,1,nhà,1,8,0,,0,0,0,0,0,0,0,0,0,1,0,0,1,1,1,1,1
538,,,,,,,,,,,,,,,,,,,,,,,,,,,,,
539,,,,,,,,,,,,,,,,,,,,,,,,,,,,,
540,,,,,,,,,,,,,,,,,,,,,,,,,,,,,
541,,,,,,,,,,,,,,,,,,,,,,,,,,,,,
542,,,,,,,,,,,,,,,,,,,,,,,,,,,,,
543,,,,,,,,,,,,,,,,,,,,,,,,,,,,,
544,,,,,,,,,,,,,,,,,,,,,,,,,,,,,
545,,,,,,,,,,,,,,,,,,,,,,,,,,,,,
546,,,,,,,,,,,,,,,,,,,,,,,,,,,,,
547,,,,,,,,,,,,,,,,,,,,,,,,,,,,,
548,,,,,,,,,,,,,,,,,,,,,,,,,,,,,
549,,,,,,,,,,,,,,,,,,,,,,,,,,,,,
550,,,,,,,,,,,,,,,,,,,,,,,,,,,,,
551,,,,,,,,,,,,,,,,,,,,,,,,,,,,,
552,,,,,,,,,,,,,,,,,,,,,,,,,,,,,
553,,,,,,,,,,,,,,,,,,,,,,,,,,,,,
554,,,,,,,,,,,,,,,,,,,,,,,,,,,,,
555,,,,,,,,,,,,,,,,,,,,,,,,,,,,,
556,,,,,,,,,,,,,,,,,,,,,,,,,,,,,
557,,,,,,,,,,,,,,,,,,,,,,,,,,,,,
558,,,,,,,,,,,,,,,,,,,,,,,,,,,,,
559,,,,,,,,,,,,,,,,,,,,,,,,,,,,,
560,,,,,,,,,,,,,,,,,,,,,,,,,,,,,
561,,,,,,,,,,,,,,,,,,,,,,,,,,,,,
562,,,,,,,,,,,,,,,,,,,,,,,,,,,,,
563,,,,,,,,,,,,,,,,,,,,,,,,,,,,,
564,,,,,,,,,,,,,,,,,,,,,,,,,,,,,
565,,,,,,,,,,,,,,,,,,,,,,,,,,,,,
566,,,,,,,,,,,,,,,,,,,,,,,,,,,,,
567,,,,,,,,,,,,,,,,,,,,,,,,,,,,,
568,,,,,,,,,,,,,,,,,,,,,,,,,,,,,
569,,,,,,,,,,,,,,,,,,,,,,,,,,,,,
570,,,,,,,,,,,,,,,,,,,,,,,,,,,,,
571,,,,,,,,,,,,,,,,,,,,,,,,,,,,,
572,,,,,,,,,,,,,,,,,,,,,,,,,,,,,
573,,,,,,,,,,,,,,,,,,,,,,,,,,,,,
574,,,,,,,,,,,,,,,,,,,,,,,,,,,,,
575,,,,,,,,,,,,,,,,,,,,,,,,,,,,,
576,,,,,,,,,,,,,,,,,,,,,,,,,,,,,
577,,,,,,,,,,,,,,,,,,,,,,,,,,,,,
578,,,,,,,,,,,,,,,,,,,,,,,,,,,,,
579,,,,,,,,,,,,,,,,,,,,,,,,,,,,,
580,,,,,,,,,,,,,,,,,,,,,,,,,,,,,
581,,,,,,,,,,,,,,,,,,,,,,,,,,,,,
582,,,,,,,,,,,,,,,,,,,,,,,,,,,,,
583,,,,,,,,,,,,,,,,,,,,,,,,,,,,,
584,,,,,,,,,,,,,,,,,,,,,,,,,,,,,
585,,,,,,,,,,,,,,,,,,,,,,,,,,,,,
586,,,,,,,,,,,,,,,,,,,,,,,,,,,,,
587,,,,,,,,,,,,,,,,,,,,,,,,,,,,,
588,,,,,,,,,,,,,,,,,,,,,,,,,,,,,
589,,,,,,,,,,,,,,,,,,,,,,,,,,,,,
590,,,,,,,,,,,,,,,,,,,,,,,,,,,,,
591,,,,,,,,,,,,,,,,,,,,,,,,,,,,,
592,,,,,,,,,,,,,,,,,,,,,,,,,,,,,
593,,,,,,,,,,,,,,,,,,,,,,,,,,,,,
594,,,,,,,,,,,,,,,,,,,,,,,,,,,,,
595,,,,,,,,,,,,,,,,,,,,,,,,,,,,,
596,,,,,,,,,,,,,,,,,,,,,,,,,,,,,
597,,,,,,,,,,,,,,,,,,,,,,,,,,,,,
598,,,,,,,,,,,,,,,,,,,,,,,,,,,,,
599,,,,,,,,,,,,,,,,,,,,,,,,,,,,,
600,,,,,,,,,,,,,,,,,,,,,,,,,,,,,
601,,,,,,,,,,,,,,,,,,,,,,,,,,,,,
602,,,,,,,,,,,,,,,,,,,,,,,,,,,,,
603,,,,,,,,,,,,,,,,,,,,,,,,,,,,,
604,,,,,,,,,,,,,,,,,,,,,,,,,,,,,
605,,,,,,,,,,,,,,,,,,,,,,,,,,,,,
606,,,,,,,,,,,,,,,,,,,,,,,,,,,,,
607,,,,,,,,,,,,,,,,,,,,,,,,,,,,,
608,,,,,,,,,,,,,,,,,,,,,,,,,,,,,
609,,,,,,,,,,,,,,,,,,,,,,,,,,,,,
610,,,,,,,,,,,,,,,,,,,,,,,,,,,,,
611,,,,,,,,,,,,,,,,,,,,,,,,,,,,,
612,,,,,,,,,,,,,,,,,,,,,,,,,,,,,
613,,,,,,,,,,,,,,,,,,,,,,,,,,,,,
614,,,,,,,,,,,,,,,,,,,,,,,,,,,,,
615,,,,,,,,,,,,,,,,,,,,,,,,,,,,,
616,,,,,,,,,,,,,,,,,,,,,,,,,,,,,
617,,,,,,,,,,,,,,,,,,,,,,,,,,,,,
618,,,,,,,,,,,,,,,,,,,,,,,,,,,,,
619,,,,,,,,,,,,,,,,,,,,,,,,,,,,,
620,,,,,,,,,,,,,,,,,,,,,,,,,,,,,
621,,,,,,,,,,,,,,,,,,,,,,,,,,,,,
622,,,,,,,,,,,,,,,,,,,,,,,,,,,,,
623,,,,,,,,,,,,,,,,,,,,,,,,,,,,,
624,,,,,,,,,,,,,,,,,,,,,,,,,,,,,
625,,,,,,,,,,,,,,,,,,,,,,,,,,,,,
626,,,,,,,,,,,,,,,,,,,,,,,,,,,,,
627,,,,,,,,,,,,,,,,,,,,,,,,,,,,,
628,,,,,,,,,,,,,,,,,,,,,,,,,,,,,
629,,,,,,,,,,,,,,,,,,,,,,,,,,,,,
630,,,,,,,,,,,,,,,,,,,,,,,,,,,,,
631,,,,,,,,,,,,,,,,,,,,,,,,,,,,,
632,,,,,,,,,,,,,,,,,,,,,,,,,,,,,
633,,,,,,,,,,,,,,,,,,,,,,,,,,,,,
634,,,,,,,,,,,,,,,,,,,,,,,,,,,,,
635,,,,,,,,,,,,,,,,,,,,,,,,,,,,,
636,,,,,,,,,,,,,,,,,,,,,,,,,,,,,
637,,,,,,,,,,,,,,,,,,,,,,,,,,,,,
638,,,,,,,,,,,,,,,,,,,,,,,,,,,,,
639,,,,,,,,,,,,,,,,,,,,,,,,,,,,,
640,,,,,,,,,,,,,,,,,,,,,,,,,,,,,
641,,,,,,,,,,,,,,,,,,,,,,,,,,,,,
642,,,,,,,,,,,,,,,,,,,,,,,,,,,,,
643,,,,,,,,,,,,,,,,,,,,,,,,,,,,,
644,,,,,,,,,,,,,,,,,,,,,,,,,,,,,
645,,,,,,,,,,,,,,,,,,,,,,,,,,,,,
646,,,,,,,,,,,,,,,,,,,,,,,,,,,,,
647,,,,,,,,,,,,,,,,,,,,,,,,,,,,,
648,,,,,,,,,,,,,,,,,,,,,,,,,,,,,
649,,,,,,,,,,,,,,,,,,,,,,,,,,,,,
650,,,,,,,,,,,,,,,,,,,,,,,,,,,,,
651,,,,,,,,,,,,,,,,,,,,,,,,,,,,,
652,,,,,,,,,,,,,,,,,,,,,,,,,,,,,
653,,,,,,,,,,,,,,,,,,,,,,,,,,,,,
654,,,,,,,,,,,,,,,,,,,,,,,,,,,,,
655,,,,,,,,,,,,,,,,,,,,,,,,,,,,,
656,,,,,,,,,,,,,,,,,,,,,,,,,,,,,
657,,,,,,,,,,,,,,,,,,,,,,,,,,,,,
658,,,,,,,,,,,,,,,,,,,,,,,,,,,,,
659,,,,,,,,,,,,,,,,,,,,,,,,,,,,,
660,,,,,,,,,,,,,,,,,,,,,,,,,,,,,
661,,,,,,,,,,,,,,,,,,,,,,,,,,,,,
662,,,,,,,,,,,,,,,,,,,,,,,,,,,,,
663,,,,,,,,,,,,,,,,,,,,,,,,,,,,,
664,,,,,,,,,,,,,,,,,,,,,,,,,,,,,
665,,,,,,,,,,,,,,,,,,,,,,,,,,,,,
666,,,,,,,,,,,,,,,,,,,,,,,,,,,,,
667,,,,,,,,,,,,,,,,,,,,,,,,,,,,,
668,,,,,,,,,,,,,,,,,,,,,,,,,,,,,
669,,,,,,,,,,,,,,,,,,,,,,,,,,,,,
670,,,,,,,,,,,,,,,,,,,,,,,,,,,,,
671,,,,,,,,,,,,,,,,,,,,,,,,,,,,,
672,,,,,,,,,,,,,,,,,,,,,,,,,,,,,
673,,,,,,,,,,,,,,,,,,,,,,,,,,,,,
674,,,,,,,,,,,,,,,,,,,,,,,,,,,,,
675,,,,,,,,,,,,,,,,,,,,,,,,,,,,,
676,,,,,,,,,,,,,,,,,,,,,,,,,,,,,
677,,,,,,,,,,,,,,,,,,,,,,,,,,,,,
678,,,,,,,,,,,,,,,,,,,,,,,,,,,,,
679,,,,,,,,,,,,,,,,,,,,,,,,,,,,,
680,,,,,,,,,,,,,,,,,,,,,,,,,,,,,
681,,,,,,,,,,,,,,,,,,,,,,,,,,,,,
682,,,,,,,,,,,,,,,,,,,,,,,,,,,,,
683,,,,,,,,,,,,,,,,,,,,,,,,,,,,,
684,,,,,,,,,,,,,,,,,,,,,,,,,,,,,
685,,,,,,,,,,,,,,,,,,,,,,,,,,,,,
686,,,,,,,,,,,,,,,,,,,,,,,,,,,,,
687,,,,,,,,,,,,,,,,,,,,,,,,,,,,,
688,,,,,,,,,,,,,,,,,,,,,,,,,,,,,
689,,,,,,,,,,,,,,,,,,,,,,,,,,,,,
690,,,,,,,,,,,,,,,,,,,,,,,,,,,,,
691,,,,,,,,,,,,,,,,,,,,,,,,,,,,,
692,,,,,,,,,,,,,,,,,,,,,,,,,,,,,
693,,,,,,,,,,,,,,,,,,,,,,,,,,,,,
694,,,,,,,,,,,,,,,,,,,,,,,,,,,,,
695,,,,,,,,,,,,,,,,,,,,,,,,,,,,,
696,,,,,,,,,,,,,,,,,,,,,,,,,,,,,
697,,,,,,,,,,,,,,,,,,,,,,,,,,,,,
698,,,,,,,,,,,,,,,,,,,,,,,,,,,,,
699,,,,,,,,,,,,,,,,,,,,,,,,,,,,,